PC, INST, RD_ADDR, RD_DATA, INSTRUCTION
00000000, 00000000, 00, 00000000, 
00000000, 00000000, 00, 00000000, 
00000000, 00000000, 00, 00000000, 
00000000, 00000000, 00, 00000000, 
00000000, 00100313, 06, 00000001, 
00000004, 00a00e13, 1c, 0000000a, 
00000008, 001e8e93, 1d, 00000001, 
0000000c, 01de4a63, 00, 00000000, 
00000010, 005303b3, 07, 00000001, 
00000014, 000302b3, 05, 00000001, 
00000018, 00038333, 06, 00000001, 
0000001c, fedff0ef, 01, 00000020, 
00000000, 00000000, 00, 00000000, 
00000008, 001e8e93, 1d, 00000002, 
0000000c, 01de4a63, 00, 00000000, 
00000010, 005303b3, 07, 00000002, 
00000014, 000302b3, 05, 00000001, 
00000018, 00038333, 06, 00000002, 
0000001c, fedff0ef, 01, 00000020, 
00000000, 00000000, 00, 00000000, 
00000008, 001e8e93, 1d, 00000003, 
0000000c, 01de4a63, 00, 00000000, 
00000010, 005303b3, 07, 00000003, 
00000014, 000302b3, 05, 00000002, 
00000018, 00038333, 06, 00000003, 
0000001c, fedff0ef, 01, 00000020, 
00000000, 00000000, 00, 00000000, 
00000008, 001e8e93, 1d, 00000004, 
0000000c, 01de4a63, 00, 00000000, 
00000010, 005303b3, 07, 00000005, 
00000014, 000302b3, 05, 00000003, 
00000018, 00038333, 06, 00000005, 
0000001c, fedff0ef, 01, 00000020, 
00000000, 00000000, 00, 00000000, 
00000008, 001e8e93, 1d, 00000005, 
0000000c, 01de4a63, 00, 00000000, 
00000010, 005303b3, 07, 00000008, 
00000014, 000302b3, 05, 00000005, 
00000018, 00038333, 06, 00000008, 
0000001c, fedff0ef, 01, 00000020, 
00000000, 00000000, 00, 00000000, 
00000008, 001e8e93, 1d, 00000006, 
0000000c, 01de4a63, 00, 00000000, 
00000010, 005303b3, 07, 0000000d, 
00000014, 000302b3, 05, 00000008, 
00000018, 00038333, 06, 0000000d, 
0000001c, fedff0ef, 01, 00000020, 
00000000, 00000000, 00, 00000000, 
00000008, 001e8e93, 1d, 00000007, 
0000000c, 01de4a63, 00, 00000000, 
00000010, 005303b3, 07, 00000015, 
00000014, 000302b3, 05, 0000000d, 
00000018, 00038333, 06, 00000015, 
0000001c, fedff0ef, 01, 00000020, 
00000000, 00000000, 00, 00000000, 
00000008, 001e8e93, 1d, 00000008, 
0000000c, 01de4a63, 00, 00000000, 
00000010, 005303b3, 07, 00000022, 
00000014, 000302b3, 05, 00000015, 
00000018, 00038333, 06, 00000022, 
0000001c, fedff0ef, 01, 00000020, 
00000000, 00000000, 00, 00000000, 
00000008, 001e8e93, 1d, 00000009, 
0000000c, 01de4a63, 00, 00000000, 
00000010, 005303b3, 07, 00000037, 
00000014, 000302b3, 05, 00000022, 
00000018, 00038333, 06, 00000037, 
0000001c, fedff0ef, 01, 00000020, 
00000000, 00000000, 00, 00000000, 
00000008, 001e8e93, 1d, 0000000a, 
0000000c, 01de4a63, 00, 00000000, 
00000010, 005303b3, 07, 00000059, 
00000014, 000302b3, 05, 00000037, 
00000018, 00038333, 06, 00000059, 
0000001c, fedff0ef, 01, 00000020, 
00000000, 00000000, 00, 00000000, 
00000008, 001e8e93, 1d, 0000000b, 
0000000c, 01de4a63, 00, 00000000, 
00000000, 00000000, 00, 00000000, 
00000020, 00000000, 00, 00000000, 
00000024, 00000000, 00, 00000000, 
00000028, 00000000, 00, 00000000, 
0000002c, 00000000, 00, 00000000, 
00000030, 00000000, 00, 00000000, 
00000034, 00000000, 00, 00000000, 
00000038, 00000000, 00, 00000000, 
0000003c, 00000000, 00, 00000000, 
00000040, 00000000, 00, 00000000, 
00000044, 00000000, 00, 00000000, 
00000048, 00000000, 00, 00000000, 
0000004c, 00000000, 00, 00000000, 
00000050, 00000000, 00, 00000000, 
00000054, 00000000, 00, 00000000, 
00000058, 00000000, 00, 00000000, 
0000005c, 00000000, 00, 00000000, 
00000060, 00000000, 00, 00000000, 
00000064, 00000000, 00, 00000000, 
00000068, 00000000, 00, 00000000, 
0000006c, 00000000, 00, 00000000, 
00000070, 00000000, 00, 00000000, 
